experiment_family,scenario_name,condition_name,persona_name,chat_atmosphere,repeat_index,timestep,n_agents,n_active_agents,n_inactive_agents,n_public_events,n_post,n_reply,n_like,n_repost,n_observe,nsb_active,gcr_step_public,ssa_step_public,scm_step_active,positive_public_signals,negative_public_signals,visible_hyperedge_count,dominant_hyperedge_id,visible_negative_pressure,mean_latent_neg_all,mean_latent_neg_active,mean_latent_neg_inactive
main,influenza_a,high_interaction,main_baseline_neutral,none,1,1,300,24,276,24,24,0,0,0,0,0.5,0.5,0.0,,12,12,4,seed_4,,0.4944,0.5291,0.4914
main,influenza_a,high_interaction,main_baseline_neutral,none,1,2,300,24,276,23,10,13,0,0,1,0.3333,0.6818,-0.3636,0.5,15,7,5,t1_e24,0.6,0.496,0.4984,0.4958
main,influenza_a,high_interaction,main_baseline_neutral,none,1,3,300,24,276,20,8,8,4,0,4,0.7083,0.7,0.4,1.0769,6,14,3,t1_e19,0.4160811865729898,0.5008,0.6077,0.4914
main,influenza_a,high_interaction,main_baseline_neutral,none,1,4,300,24,276,21,1,12,8,0,3,0.125,0.8571,-0.7143,1.2667,18,3,3,t1_e19,0.4365865157944366,0.4973,0.4994,0.4971
main,influenza_a,high_interaction,main_baseline_neutral,none,1,5,300,24,276,22,4,11,7,0,2,0.3333,0.6818,-0.3636,1.2222,15,7,3,t1_e19,0.3112580348943985,0.4943,0.5418,0.4902
main,influenza_a,high_interaction,main_baseline_neutral,none,1,6,300,24,276,21,1,17,3,0,3,0.2083,0.8571,-0.7143,1.0,18,3,3,t1_e19,0.302200700908166,0.4888,0.5258,0.4855
main,influenza_a,high_interaction,main_baseline_neutral,none,1,7,300,24,276,22,4,12,6,0,2,0.375,0.6364,-0.2727,1.0476,14,8,3,t1_e19,0.26564828438155824,0.4865,0.5068,0.4847
main,influenza_a,high_interaction,main_baseline_neutral,none,1,8,300,24,276,21,4,8,9,0,3,0.25,0.7619,-0.5238,0.7143,16,5,3,t1_e19,0.2656817396946325,0.4813,0.5207,0.4779
main,influenza_a,high_interaction,main_baseline_neutral,none,1,9,300,24,276,22,5,16,1,0,2,0.2917,0.6818,-0.3636,0.9048,15,7,3,t1_e19,0.24529950012708637,0.4771,0.4796,0.4769
main,influenza_a,high_interaction,main_baseline_neutral,none,1,10,300,24,276,19,2,11,6,0,5,0.25,0.7368,-0.4737,0.381,14,5,3,t1_e19,0.2442837007953287,0.4724,0.4933,0.4706
main,influenza_a,high_interaction,main_baseline_neutral,none,1,11,300,24,276,22,2,16,4,0,2,0.375,0.6818,-0.3636,0.6667,15,7,3,t1_e19,0.24843288406615438,0.4693,0.4849,0.4679
main,influenza_a,high_interaction,main_baseline_neutral,none,1,12,300,24,276,22,5,15,2,0,2,0.3333,0.7273,-0.4545,0.5238,16,6,3,t1_e19,0.2542222059692941,0.4649,0.506,0.4613
main,influenza_a,high_interaction,main_baseline_neutral,none,1,13,300,24,276,18,3,11,4,0,6,0.2083,0.8333,-0.6667,0.5238,15,3,3,t1_e19,0.24673111349803079,0.4595,0.3849,0.4659
main,influenza_a,high_interaction,main_baseline_neutral,none,1,14,300,24,276,23,2,13,8,0,1,0.25,0.7391,-0.4783,0.381,17,6,3,t1_e19,0.237969121694983,0.4538,0.4686,0.4525
main,influenza_a,high_interaction,main_baseline_neutral,none,1,15,300,24,276,22,4,12,6,0,2,0.2917,0.7273,-0.4545,0.7143,16,6,3,t1_e19,0.23876529649099032,0.4496,0.3918,0.4547
main,influenza_a,high_interaction,main_baseline_neutral,none,2,1,300,24,276,24,24,0,0,0,0,0.5,0.5,0.0,,12,12,4,seed_4,,0.4943,0.5341,0.4908
main,influenza_a,high_interaction,main_baseline_neutral,none,2,2,300,24,276,23,11,8,4,0,1,0.9583,0.9565,0.913,0.0,1,22,5,t1_e24,0.8,0.5088,0.6337,0.498
main,influenza_a,high_interaction,main_baseline_neutral,none,2,3,300,24,276,23,9,11,3,0,1,0.9167,0.913,0.8261,2.5,2,21,2,t1_e24,0.921768707482993,0.5242,0.6436,0.5138
main,influenza_a,high_interaction,main_baseline_neutral,none,2,4,300,24,276,21,6,11,4,0,3,0.7917,0.8095,0.619,1.2,4,17,2,t1_e24,0.8894927536231885,0.5363,0.6708,0.5246
main,influenza_a,high_interaction,main_baseline_neutral,none,2,5,300,24,276,21,5,10,6,0,3,0.9583,1.0,1.0,0.7895,0,21,2,t1_e24,0.8347222222222221,0.5494,0.7321,0.5335
main,influenza_a,high_interaction,main_baseline_neutral,none,2,6,300,24,276,24,3,14,7,0,0,1.0,1.0,1.0,0.4762,0,24,2,t1_e23,0.8845238095238096,0.5627,0.7915,0.5428
main,influenza_a,high_interaction,main_baseline_neutral,none,2,7,300,24,276,23,4,13,6,0,1,1.0,1.0,1.0,0.6667,0,23,2,t1_e23,0.9159178433889602,0.576,0.7998,0.5566
main,influenza_a,high_interaction,main_baseline_neutral,none,3,1,300,24,276,24,24,0,0,0,0,0.5,0.5,0.0,,12,12,4,seed_4,,0.4927,0.5312,0.4893
main,influenza_a,high_interaction,main_baseline_neutral,none,3,2,300,24,276,23,10,9,4,0,1,0.2917,0.6957,-0.3913,,16,7,5,t1_e24,0.6,0.4941,0.4973,0.4938
main,influenza_a,high_interaction,main_baseline_neutral,none,3,3,300,24,276,23,6,13,4,0,1,0.625,0.6087,0.2174,1.8462,9,14,2,t1_e19,0.3318181818181818,0.496,0.5832,0.4884
main,influenza_a,high_interaction,main_baseline_neutral,none,3,4,300,24,276,21,6,12,3,0,3,0.625,0.619,0.2381,0.9375,8,13,2,t1_e19,0.4358441558441559,0.5001,0.5887,0.4924
main,influenza_a,high_interaction,main_baseline_neutral,none,3,5,300,24,276,24,7,14,3,0,0,0.6667,0.6957,0.3913,0.9474,7,16,2,t1_e19,0.48717120994739366,0.5047,0.6227,0.4944
main,influenza_a,high_interaction,main_baseline_neutral,none,3,6,300,24,276,24,6,17,1,0,0,0.6667,0.6667,0.3333,0.619,8,16,2,t1_e19,0.5238095238095238,0.5091,0.6299,0.4986
main,influenza_a,high_interaction,main_baseline_neutral,none,3,7,300,24,276,20,3,12,5,0,4,0.2917,0.6842,-0.3684,0.619,13,6,2,t1_e19,0.5817245817245817,0.5091,0.5665,0.5041
main,influenza_a,high_interaction,main_baseline_neutral,none,3,8,300,24,276,20,10,9,1,0,4,0.6667,0.65,0.3,1.0,7,13,2,t1_e19,0.5478871604364988,0.5129,0.6891,0.4976
main,influenza_a,high_interaction,main_baseline_neutral,none,3,9,300,24,276,23,5,17,1,0,1,0.7083,0.7727,0.5455,1.0,5,17,2,t1_e19,0.5624370118417737,0.5179,0.7056,0.5015
main,influenza_a,high_interaction,main_baseline_neutral,none,3,10,300,24,276,22,7,15,0,0,2,0.7083,0.7143,0.4286,1.1429,6,15,2,t1_e19,0.5942870261052079,0.5228,0.6626,0.5107
main,influenza_a,high_interaction,main_baseline_neutral,none,3,11,300,24,276,21,5,15,1,0,3,0.7917,0.85,0.7,0.7143,3,17,2,t1_e19,0.598617706376327,0.5285,0.749,0.5093
main,influenza_a,high_interaction,main_baseline_neutral,none,3,12,300,24,276,21,7,14,0,0,3,0.625,0.619,0.2381,0.9048,8,13,2,t1_e19,0.6211896351141039,0.5322,0.7253,0.5154
main,influenza_a,high_interaction,main_baseline_neutral,none,3,13,300,24,276,22,6,12,4,0,2,0.7083,0.6818,0.3636,0.8095,7,15,2,t1_e19,0.6279629629629631,0.5362,0.7706,0.5158
main,influenza_a,high_interaction,main_baseline_neutral,none,3,14,300,24,276,21,8,10,3,0,3,0.5417,0.5238,-0.0476,0.8095,11,10,2,t1_e19,0.6336206896551724,0.5382,0.706,0.5236
main,influenza_a,high_interaction,main_baseline_neutral,none,3,15,300,24,276,21,4,15,2,0,3,0.7083,0.7,0.4,0.619,6,14,2,t1_e19,0.6127146260645727,0.5418,0.7524,0.5235
main,influenza_a,high_interaction,main_baseline_neutral,none,4,1,300,24,276,24,24,0,0,0,0,0.5,0.5,0.0,,12,12,4,seed_4,,0.4951,0.5336,0.4918
main,influenza_a,high_interaction,main_baseline_neutral,none,4,2,300,24,276,22,12,8,2,0,2,0.2917,0.7143,-0.4286,4.0,15,6,5,t1_e24,0.6,0.4964,0.4985,0.4962
main,influenza_a,high_interaction,main_baseline_neutral,none,4,3,300,24,276,24,8,10,6,0,0,0.5417,0.5417,0.0833,0.6,11,13,4,t1_e17,0.29464285714285715,0.4966,0.5802,0.4894
main,influenza_a,high_interaction,main_baseline_neutral,none,4,4,300,24,276,23,9,11,3,0,1,0.4583,0.5217,-0.0435,1.0833,12,11,4,t1_e17,0.44333333333333336,0.4974,0.5316,0.4944
main,influenza_a,high_interaction,main_baseline_neutral,none,4,5,300,24,276,24,5,10,9,0,0,0.7083,0.7083,0.4167,1.2353,7,17,3,t1_e17,0.44096133751306166,0.5016,0.6538,0.4883
main,influenza_a,high_interaction,main_baseline_neutral,none,4,6,300,24,276,23,5,14,4,0,1,0.875,0.913,0.8261,1.7143,2,21,3,t1_e17,0.5100376495898884,0.5097,0.6345,0.4989
main,influenza_a,high_interaction,main_baseline_neutral,none,4,7,300,24,276,23,10,7,6,0,1,0.7083,0.6957,0.3913,1.381,7,16,3,t1_e17,0.5988926803158036,0.5165,0.6228,0.5073
main,influenza_a,high_interaction,main_baseline_neutral,none,4,8,300,24,276,20,5,12,3,0,4,0.75,0.7,0.4,1.381,6,14,3,t1_e17,0.5934386310410901,0.5221,0.7157,0.5053
main,influenza_a,high_interaction,main_baseline_neutral,none,4,9,300,24,276,24,12,9,3,0,0,1.0,1.0,1.0,0.8571,0,24,3,t1_e17,0.6130282530839634,0.5311,0.7843,0.5091
main,influenza_a,high_interaction,main_baseline_neutral,none,4,10,300,24,276,22,6,11,5,0,2,0.8333,0.8182,0.6364,1.5238,4,18,3,t1_e17,0.6536938118919335,0.5384,0.7266,0.5221
main,influenza_a,high_interaction,main_baseline_neutral,none,4,11,300,24,276,23,7,10,6,0,1,1.0,1.0,1.0,0.7143,0,23,3,t1_e17,0.6635734635734636,0.5468,0.8259,0.5226
main,influenza_a,high_interaction,main_baseline_neutral,none,4,12,300,24,276,23,13,10,0,0,1,0.875,0.913,0.8261,1.0476,2,21,3,t1_e24,0.6980831944359795,0.5545,0.785,0.5345
main,influenza_a,high_interaction,main_baseline_neutral,none,4,13,300,24,276,24,8,15,1,0,0,0.9583,0.9583,0.9167,0.381,1,23,3,t1_e24,0.7111457821158148,0.5622,0.8539,0.5369
main,influenza_a,high_interaction,main_baseline_neutral,none,5,1,300,24,276,24,24,0,0,0,0,0.5,0.5,0.0,,12,12,4,seed_4,,0.4942,0.5368,0.4905
main,influenza_a,high_interaction,main_baseline_neutral,none,5,2,300,24,276,22,14,4,4,0,2,0.9583,1.0,1.0,1.0,0,22,5,t1_e23,0.6,0.5057,0.6126,0.4965
main,influenza_a,high_interaction,main_baseline_neutral,none,5,3,300,24,276,23,7,16,0,0,1,0.9583,0.9565,0.913,2.0,1,22,3,t1_e18,0.9128787878787878,0.5212,0.6432,0.5106
main,influenza_a,high_interaction,main_baseline_neutral,none,5,4,300,24,276,21,0,18,3,0,3,1.0,1.0,1.0,1.1875,0,21,3,t1_e18,0.9263622974963182,0.5367,0.6982,0.5226
main,influenza_a,high_interaction,main_baseline_neutral,none,5,5,300,24,276,24,3,18,3,0,0,0.9583,0.9583,0.9167,0.4,1,23,3,t1_e18,0.9584668989547037,0.5505,0.7316,0.5348
main,influenza_a,high_interaction,main_baseline_neutral,none,6,1,300,24,276,24,24,0,0,0,0,0.5,0.5,0.0,,12,12,4,seed_4,,0.4926,0.5366,0.4887
main,influenza_a,high_interaction,main_baseline_neutral,none,6,2,300,24,276,21,6,8,7,0,3,0.6667,0.6667,0.3333,,7,14,5,t1_e23,0.8,0.5022,0.5693,0.4964
main,influenza_a,high_interaction,main_baseline_neutral,none,6,3,300,24,276,21,11,10,0,0,3,0.9167,0.9048,0.8095,2.3636,2,19,3,t1_e22,0.6590909090909091,0.5137,0.6064,0.5057
main,influenza_a,high_interaction,main_baseline_neutral,none,6,4,300,24,276,22,9,9,4,0,2,0.9583,0.9545,0.9091,0.8571,1,21,3,t1_e22,0.7560150375939849,0.5265,0.6692,0.5141
main,influenza_a,high_interaction,main_baseline_neutral,none,6,5,300,24,276,23,5,13,5,0,1,0.9583,0.9565,0.913,0.95,1,22,3,t1_e22,0.8094908688433868,0.5398,0.6991,0.5259
main,influenza_a,high_interaction,main_baseline_neutral,none,7,1,300,24,276,24,24,0,0,0,0,0.5,0.5,0.0,,12,12,4,seed_4,,0.4926,0.5358,0.4888
main,influenza_a,high_interaction,main_baseline_neutral,none,7,2,300,24,276,20,12,5,3,0,4,0.9583,1.0,1.0,1.0,0,20,5,t1_e24,0.6,0.5039,0.6197,0.4938
main,influenza_a,high_interaction,main_baseline_neutral,none,7,3,300,24,276,23,9,12,2,0,1,0.7083,0.6957,0.3913,1.0,7,16,1,t1_e20,0.8888888888888888,0.5153,0.5976,0.5081
main,influenza_a,high_interaction,main_baseline_neutral,none,7,4,300,24,276,18,4,11,3,0,6,1.0,1.0,1.0,1.0,0,18,1,t1_e20,0.782608695652174,0.5289,0.6811,0.5156
main,influenza_a,high_interaction,main_baseline_neutral,none,7,5,300,24,276,23,4,13,6,0,1,0.875,0.8696,0.7391,0.8571,3,20,1,t1_e20,0.8648648648648649,0.5413,0.697,0.5278
main,influenza_a,high_interaction,main_baseline_neutral,none,7,6,300,24,276,22,1,16,5,0,2,1.0,1.0,1.0,0.8571,0,22,1,t1_e20,0.875,0.5546,0.7762,0.5354
main,influenza_a,high_interaction,main_baseline_neutral,none,7,7,300,24,276,21,2,13,6,0,3,0.9583,0.9524,0.9048,1.0476,1,20,1,t1_e20,0.9090909090909091,0.5674,0.7883,0.5482
main,influenza_a,high_interaction,main_baseline_neutral,none,7,8,300,24,276,22,3,11,8,0,2,1.0,1.0,1.0,0.7619,0,22,1,t1_e20,0.9166666666666666,0.5801,0.8491,0.5567
main,influenza_a,high_interaction,main_baseline_neutral,none,8,1,300,24,276,24,24,0,0,0,0,0.5,0.5,0.0,,12,12,4,seed_4,,0.4933,0.5345,0.4897
main,influenza_a,high_interaction,main_baseline_neutral,none,8,2,300,24,276,22,8,7,7,0,2,0.7917,0.8182,0.6364,,4,18,5,t1_e24,0.8,0.5056,0.5977,0.4976
main,influenza_a,high_interaction,main_baseline_neutral,none,8,3,300,24,276,21,11,5,5,0,3,0.7917,0.7619,0.5238,2.8182,5,16,3,t1_e24,0.7168367346938775,0.516,0.5973,0.5089
main,influenza_a,high_interaction,main_baseline_neutral,none,8,4,300,24,276,23,9,8,6,0,1,0.7917,0.7826,0.5652,1.0769,5,18,3,t1_e15,0.7716244725738397,0.5266,0.6359,0.517
main,influenza_a,high_interaction,main_baseline_neutral,none,8,5,300,24,276,21,5,13,3,0,3,0.9167,0.9524,0.9048,1.0,1,20,3,t1_e15,0.7570009033423668,0.5378,0.7105,0.5228
main,influenza_a,high_interaction,main_baseline_neutral,none,8,6,300,24,276,24,4,15,5,0,0,0.7917,0.7917,0.5833,0.2857,5,19,3,t1_e15,0.8066961989613924,0.5475,0.709,0.5334
main,influenza_a,high_interaction,main_baseline_neutral,none,8,7,300,24,276,23,5,13,5,0,1,0.9583,0.9565,0.913,0.8095,1,22,3,t1_e15,0.8044488711819389,0.5589,0.7863,0.5391
main,influenza_a,high_interaction,main_baseline_neutral,none,8,8,300,24,276,23,2,15,6,0,1,0.9167,0.913,0.8261,0.7619,2,21,3,t1_e15,0.8320389940198247,0.5696,0.8025,0.5494
main,influenza_a,high_interaction,main_baseline_neutral,none,8,9,300,24,276,23,8,12,3,0,1,0.9167,0.913,0.8261,1.0476,2,21,3,t1_e15,0.846489283074649,0.5805,0.8226,0.5594
main,influenza_a,high_interaction,main_baseline_neutral,none,9,1,300,24,276,24,24,0,0,0,0,0.5,0.5,0.0,,12,12,4,seed_4,,0.494,0.532,0.4907
main,influenza_a,high_interaction,main_baseline_neutral,none,9,2,300,24,276,22,11,7,4,0,2,1.0,1.0,1.0,1.6667,0,22,5,t1_e23,0.8,0.5088,0.6432,0.4971
main,influenza_a,high_interaction,main_baseline_neutral,none,9,3,300,24,276,22,11,8,3,0,2,0.9167,0.9091,0.8182,2.0,2,20,3,t1_e22,0.9296296296296297,0.5239,0.6332,0.5144
main,influenza_a,high_interaction,main_baseline_neutral,none,9,4,300,24,276,22,3,13,6,0,2,1.0,1.0,1.0,1.1667,0,22,3,t1_e22,0.9136546184738957,0.539,0.7021,0.5248
main,influenza_a,high_interaction,main_baseline_neutral,none,9,5,300,24,276,21,1,14,6,0,3,0.9583,0.9524,0.9048,1.0952,1,20,3,t1_e22,0.95326826382727,0.5536,0.7423,0.5371
main,influenza_a,high_interaction,main_baseline_neutral,none,10,1,300,24,276,24,24,0,0,0,0,0.5,0.5,0.0,,12,12,4,seed_4,,0.4933,0.5379,0.4894
main,influenza_a,high_interaction,main_baseline_neutral,none,10,2,300,24,276,23,13,7,3,0,1,0.6667,0.7143,0.4286,1.6667,6,15,5,t1_e23,0.8,0.5034,0.5846,0.4964
main,influenza_a,high_interaction,main_baseline_neutral,none,10,3,300,24,276,22,6,11,5,0,2,0.6667,0.6364,0.2727,1.8182,8,14,3,t1_e16,0.6662790697674419,0.511,0.573,0.5056
main,influenza_a,high_interaction,main_baseline_neutral,none,10,4,300,24,276,22,8,10,4,0,2,0.7083,0.7273,0.4545,1.1667,6,16,3,t1_e17,0.6288659793814433,0.5184,0.6165,0.5099
main,influenza_a,high_interaction,main_baseline_neutral,none,10,5,300,24,276,24,3,19,2,0,0,0.8333,0.8333,0.6667,0.8421,4,20,3,t1_e17,0.6667380595416578,0.5272,0.6731,0.5145
main,influenza_a,high_interaction,main_baseline_neutral,none,10,6,300,24,276,24,2,15,7,0,0,1.0,1.0,1.0,1.2857,0,24,3,t1_e17,0.7303703703703703,0.5392,0.7283,0.5228
main,influenza_a,high_interaction,main_baseline_neutral,none,10,7,300,24,276,22,1,16,5,0,2,0.875,0.8636,0.7273,0.8095,3,19,3,t1_e17,0.7978924506294494,0.5496,0.7282,0.5341
main,influenza_a,high_interaction,main_baseline_neutral,none,10,8,300,24,276,22,3,14,5,0,2,0.9167,0.9091,0.8182,0.7143,2,20,3,t1_e17,0.8109006697608271,0.5604,0.7854,0.5408
main,influenza_a,high_interaction,main_baseline_neutral,none,10,9,300,24,276,22,3,17,2,0,2,0.9167,0.9524,0.9048,0.5714,1,20,3,t1_e17,0.822491307996643,0.5706,0.8189,0.549
main,influenza_a,high_interaction,main_baseline_neutral,none,10,10,300,24,276,22,5,10,7,0,2,0.9583,0.9545,0.9091,0.5714,1,21,3,t1_e17,0.8387248934298154,0.5806,0.8386,0.5581
