experiment,scenario_name,stage,persona_name,chat_atmosphere,source_type,source_experiment,scenario_label,persona_label,atmosphere_label,n_individual,mean_nsb,sd_individual,ci95_individual_low,ci95_individual_high,n_batches,batch_size,mean_of_batch_means,sd_between_batches,se_between_batches,ci95_batch_low,ci95_batch_high,batch_mean_min,batch_mean_max,positive_share,neutral_share,negative_share
A,influenza_a,P1,authority_trusting,none,direct,A,甲流,权威信任型,无初始氛围,300,0.4166666666666667,0.49383038625644576,0.36055841254655346,0.4727749207867799,10,30,0.4166666666666667,0.05719794522770556,0.018087578440110785,0.3757497215406957,0.4575836117926377,0.3333333333333333,0.5,0.5833333333333334,0.0,0.4166666666666667
A,influenza_a,P1,ordinary_user,none,direct,A,甲流,普通用户型,无初始氛围,300,0.5016666666666667,0.4999972129242277,0.44485774712089265,0.5584755862124408,10,30,0.5016666666666667,0.005270462766947316,0.0016666666666666718,0.4978964047286697,0.5054369286046637,0.5,0.5166666666666667,0.49666666666666665,0.0033333333333333335,0.5
A,influenza_a,P1,risk_sensitive,none,direct,A,甲流,风险敏感型,无初始氛围,300,0.96,0.1962865968262871,0.9376982167124436,0.9823017832875564,10,30,0.96,0.030631219449089378,0.00968644209675705,0.9380877456287909,0.981912254371209,0.9,1.0,0.04,0.0,0.96
A,influenza_a,P2,authority_trusting,none,direct,A,甲流,权威信任型,无初始氛围,300,0.10666666666666667,0.3092047555018713,0.07153529468212219,0.14179803865121116,10,30,0.10666666666666666,0.051639777949432225,0.01632993161855452,0.06972579488774866,0.14360753844558466,0.03333333333333333,0.2,0.8933333333333333,0.0,0.10666666666666667
A,influenza_a,P2,ordinary_user,none,direct,A,甲流,普通用户型,无初始氛围,300,0.42333333333333334,0.49491280495042966,0.36710209645469283,0.47956457021197385,10,30,0.42333333333333334,0.05676462121975468,0.017950549357115014,0.3827263695289729,0.4639402971376938,0.3333333333333333,0.5,0.5766666666666667,0.0,0.42333333333333334
A,influenza_a,P2,risk_sensitive,none,direct,A,甲流,风险敏感型,无初始氛围,300,0.6233333333333333,0.48535980056955585,0.5681874942194514,0.6784791724472152,10,30,0.6233333333333333,0.07036062310661138,0.022249982660556424,0.5730003756856197,0.6736662909810469,0.5,0.7333333333333333,0.37666666666666665,0.0,0.6233333333333333
A,mycoplasma_pneumonia,P1,authority_trusting,none,direct,A,支原体肺炎,权威信任型,无初始氛围,300,0.4666666666666667,0.499721215478745,0.40988910552903973,0.5234442278042937,10,30,0.4666666666666667,0.03142696805273544,0.009938079899999064,0.44418516803642294,0.4891481652969104,0.43333333333333335,0.5,0.5333333333333333,0.0,0.4666666666666667
A,mycoplasma_pneumonia,P1,ordinary_user,none,direct,A,支原体肺炎,普通用户型,无初始氛围,300,0.5933333333333334,0.48346113714131733,0.5384032174578041,0.6482634492088627,10,30,0.5933333333333333,0.04527010841658524,0.014315665251916803,0.5609490486434883,0.6257176180231783,0.5,0.6666666666666666,0.39,0.03333333333333333,0.5766666666666667
A,mycoplasma_pneumonia,P1,risk_sensitive,none,direct,A,支原体肺炎,风险敏感型,无初始氛围,300,0.9933333333333333,0.08151300584956347,0.9840719501264956,1.002594716540171,10,30,0.9933333333333334,0.014054567378526128,0.004444444444444444,0.9832793014986747,1.003387365167992,0.9666666666666667,1.0,0.006666666666666667,0.0,0.9933333333333333
A,mycoplasma_pneumonia,P2,authority_trusting,none,direct,A,支原体肺炎,权威信任型,无初始氛围,300,0.21666666666666667,0.4126619137653286,0.1697806503995073,0.26355268293382605,10,30,0.21666666666666665,0.08498365855987976,0.0268741924943285,0.15587301962120367,0.27746031371212965,0.13333333333333333,0.4,0.7833333333333333,0.0,0.21666666666666667
A,mycoplasma_pneumonia,P2,ordinary_user,none,direct,A,支原体肺炎,普通用户型,无初始氛围,300,0.42333333333333334,0.4949128049504296,0.36710209645469283,0.47956457021197385,10,30,0.42333333333333334,0.04981447060324422,0.015752718754175363,0.38769820777002995,0.45896845889663673,0.36666666666666664,0.5,0.5766666666666667,0.0,0.42333333333333334
A,mycoplasma_pneumonia,P2,risk_sensitive,none,direct,A,支原体肺炎,风险敏感型,无初始氛围,300,0.7566666666666667,0.4298116047846786,0.7078321287034458,0.8055012046298876,10,30,0.7566666666666666,0.08755950357709134,0.027688746209726924,0.6940303710994312,0.819302962233902,0.6,0.8666666666666667,0.24333333333333335,0.0,0.7566666666666667
AB,influenza_a,P1,authority_trusting,none,reused_baseline,A,甲流,权威信任型,无初始氛围,300,0.4166666666666667,0.49383038625644576,0.36055841254655346,0.4727749207867799,10,30,0.4166666666666667,0.05719794522770556,0.018087578440110785,0.3757497215406957,0.4575836117926377,0.3333333333333333,0.5,0.5833333333333334,0.0,0.4166666666666667
AB,influenza_a,P1,ordinary_user,none,reused_baseline,A,甲流,普通用户型,无初始氛围,300,0.5016666666666667,0.4999972129242277,0.44485774712089265,0.5584755862124408,10,30,0.5016666666666667,0.005270462766947316,0.0016666666666666718,0.4978964047286697,0.5054369286046637,0.5,0.5166666666666667,0.49666666666666665,0.0033333333333333335,0.5
AB,influenza_a,P1,risk_sensitive,none,reused_baseline,A,甲流,风险敏感型,无初始氛围,300,0.96,0.1962865968262871,0.9376982167124436,0.9823017832875564,10,30,0.96,0.030631219449089378,0.00968644209675705,0.9380877456287909,0.981912254371209,0.9,1.0,0.04,0.0,0.96
AB,influenza_a,P2,authority_trusting,negative_leaning,direct,AB,甲流,权威信任型,负向氛围,300,0.3433333333333333,0.47561495720165853,0.28929468843686584,0.3973719782298008,10,30,0.3433333333333333,0.0316227766016838,0.01,0.32071176170535126,0.3659549049613154,0.3,0.4,0.6566666666666666,0.0,0.3433333333333333
AB,influenza_a,P2,authority_trusting,none,reused_baseline,A,甲流,权威信任型,无初始氛围,300,0.10666666666666667,0.3092047555018713,0.07153529468212219,0.14179803865121116,10,30,0.10666666666666666,0.051639777949432225,0.01632993161855452,0.06972579488774866,0.14360753844558466,0.03333333333333333,0.2,0.8933333333333333,0.0,0.10666666666666667
AB,influenza_a,P2,authority_trusting,positive_leaning,direct,AB,甲流,权威信任型,正向氛围,300,0.0,0.0,0.0,0.0,10,30,0.0,0.0,0.0,0.0,0.0,0.0,0.0,1.0,0.0,0.0
AB,influenza_a,P2,ordinary_user,negative_leaning,direct,AB,甲流,普通用户型,负向氛围,300,0.6933333333333334,0.4618802153517005,0.6408552088249155,0.7458114578417512,10,30,0.6933333333333334,0.049190985824841466,0.015555555555555557,0.6581442219120279,0.7285224447546388,0.6333333333333333,0.7666666666666667,0.30666666666666664,0.0,0.6933333333333334
AB,influenza_a,P2,ordinary_user,none,reused_baseline,A,甲流,普通用户型,无初始氛围,300,0.42333333333333334,0.49491280495042966,0.36710209645469283,0.47956457021197385,10,30,0.42333333333333334,0.05676462121975468,0.017950549357115014,0.3827263695289729,0.4639402971376938,0.3333333333333333,0.5,0.5766666666666667,0.0,0.42333333333333334
AB,influenza_a,P2,ordinary_user,positive_leaning,direct,AB,甲流,普通用户型,正向氛围,300,0.20333333333333334,0.40315091187798363,0.15752794257178007,0.2491387240948866,10,30,0.2033333333333333,0.05079613089183316,0.016063146994223287,0.16699597030327065,0.23967069636339597,0.13333333333333333,0.3,0.7966666666666666,0.0,0.20333333333333334
AB,influenza_a,P2,risk_sensitive,negative_leaning,direct,AB,甲流,风险敏感型,负向氛围,300,0.95,0.21830909938949877,0.9251960536123871,0.9748039463876128,10,30,0.95,0.02357022603955158,0.007453559924999297,0.9331388760273172,0.9668611239726828,0.9333333333333333,1.0,0.05,0.0,0.95
AB,influenza_a,P2,risk_sensitive,none,reused_baseline,A,甲流,风险敏感型,无初始氛围,300,0.6233333333333333,0.48535980056955585,0.5681874942194514,0.6784791724472152,10,30,0.6233333333333333,0.07036062310661138,0.022249982660556424,0.5730003756856197,0.6736662909810469,0.5,0.7333333333333333,0.37666666666666665,0.0,0.6233333333333333
AB,influenza_a,P2,risk_sensitive,positive_leaning,direct,AB,甲流,风险敏感型,正向氛围,300,0.38666666666666666,0.4877998748961683,0.3312435900352083,0.442089743298125,10,30,0.3866666666666667,0.05708992257184503,0.018053418676968806,0.34582699629356684,0.4275063370397666,0.3,0.4666666666666667,0.6133333333333333,0.0,0.38666666666666666
AB,mycoplasma_pneumonia,P1,authority_trusting,none,reused_baseline,A,支原体肺炎,权威信任型,无初始氛围,300,0.4666666666666667,0.499721215478745,0.40988910552903973,0.5234442278042937,10,30,0.4666666666666667,0.03142696805273544,0.009938079899999064,0.44418516803642294,0.4891481652969104,0.43333333333333335,0.5,0.5333333333333333,0.0,0.4666666666666667
AB,mycoplasma_pneumonia,P1,ordinary_user,none,reused_baseline,A,支原体肺炎,普通用户型,无初始氛围,300,0.5933333333333334,0.48346113714131733,0.5384032174578041,0.6482634492088627,10,30,0.5933333333333333,0.04527010841658524,0.014315665251916803,0.5609490486434883,0.6257176180231783,0.5,0.6666666666666666,0.39,0.03333333333333333,0.5766666666666667
AB,mycoplasma_pneumonia,P1,risk_sensitive,none,reused_baseline,A,支原体肺炎,风险敏感型,无初始氛围,300,0.9933333333333333,0.08151300584956347,0.9840719501264956,1.002594716540171,10,30,0.9933333333333334,0.014054567378526128,0.004444444444444444,0.9832793014986747,1.003387365167992,0.9666666666666667,1.0,0.006666666666666667,0.0,0.9933333333333333
AB,mycoplasma_pneumonia,P2,authority_trusting,negative_leaning,direct,AB,支原体肺炎,权威信任型,负向氛围,300,0.4533333333333333,0.4986492345184553,0.3966775690348758,0.5099890976317908,10,30,0.4533333333333333,0.03583225665910466,0.01133115447465063,0.42770048107572944,0.4789661855909372,0.4,0.5,0.5466666666666666,0.0,0.4533333333333333
AB,mycoplasma_pneumonia,P2,authority_trusting,none,reused_baseline,A,支原体肺炎,权威信任型,无初始氛围,300,0.21666666666666667,0.4126619137653286,0.1697806503995073,0.26355268293382605,10,30,0.21666666666666665,0.08498365855987976,0.0268741924943285,0.15587301962120367,0.27746031371212965,0.13333333333333333,0.4,0.7833333333333333,0.0,0.21666666666666667
AB,mycoplasma_pneumonia,P2,authority_trusting,positive_leaning,direct,AB,支原体肺炎,权威信任型,正向氛围,300,0.14,0.3475667929841462,0.10050999191787235,0.17949000808212767,10,30,0.14,0.06813204318558173,0.02154524381073924,0.09126127238930257,0.18873872761069746,0.03333333333333333,0.26666666666666666,0.86,0.0,0.14
AB,mycoplasma_pneumonia,P2,ordinary_user,negative_leaning,direct,AB,支原体肺炎,普通用户型,负向氛围,300,0.8633333333333333,0.3440690345808727,0.8242407352178732,0.9024259314487934,10,30,0.8633333333333335,0.05973191135873604,0.018888888888888882,0.8206036980360341,0.906062968630633,0.7666666666666667,0.9666666666666667,0.13666666666666666,0.0,0.8633333333333333
AB,mycoplasma_pneumonia,P2,ordinary_user,none,reused_baseline,A,支原体肺炎,普通用户型,无初始氛围,300,0.42333333333333334,0.4949128049504296,0.36710209645469283,0.47956457021197385,10,30,0.42333333333333334,0.04981447060324422,0.015752718754175363,0.38769820777002995,0.45896845889663673,0.36666666666666664,0.5,0.5766666666666667,0.0,0.42333333333333334
AB,mycoplasma_pneumonia,P2,ordinary_user,positive_leaning,direct,AB,支原体肺炎,普通用户型,正向氛围,300,0.4033333333333333,0.4913862265411361,0.3475027809064195,0.45916388576024714,10,30,0.4033333333333333,0.04567734398020994,0.014444444444444449,0.37065772987069256,0.4360089367959741,0.3333333333333333,0.4666666666666667,0.5966666666666667,0.0,0.4033333333333333
AB,mycoplasma_pneumonia,P2,risk_sensitive,negative_leaning,direct,AB,支原体肺炎,风险敏感型,负向氛围,300,0.9733333333333334,0.16137646493112892,0.9549979859036203,0.9916686807630465,10,30,0.9733333333333334,0.030631219449089375,0.00968644209675705,0.9514210789621244,0.9952455877045424,0.9,1.0,0.02666666666666667,0.0,0.9733333333333334
AB,mycoplasma_pneumonia,P2,risk_sensitive,none,reused_baseline,A,支原体肺炎,风险敏感型,无初始氛围,300,0.7566666666666667,0.4298116047846786,0.7078321287034458,0.8055012046298876,10,30,0.7566666666666666,0.08755950357709134,0.027688746209726924,0.6940303710994312,0.819302962233902,0.6,0.8666666666666667,0.24333333333333335,0.0,0.7566666666666667
AB,mycoplasma_pneumonia,P2,risk_sensitive,positive_leaning,direct,AB,支原体肺炎,风险敏感型,正向氛围,300,0.7166666666666667,0.4513697720561004,0.6653827226699323,0.7679506106634011,10,30,0.7166666666666666,0.06894263136661591,0.021801574300387327,0.6673480792027681,0.7659852541305651,0.6,0.8,0.2833333333333333,0.0,0.7166666666666667
B,influenza_a,P1,baseline_open,none,reused_baseline,Main,甲流,普通基线,无初始氛围,300,0.51,0.49570057852008836,0.45367925749176347,0.5663207425082365,10,30,0.51,0.01165343164633503,0.0036851386559504477,0.5016636371935371,0.5183363628064629,0.5,0.5333333333333333,0.48,0.02,0.5
B,influenza_a,P2,baseline_open,negative_leaning,direct,B,甲流,普通基线,负向氛围,300,0.8,0.40066833797650603,0.7544766754927977,0.8455233245072024,10,30,0.8,0.05443310539518177,0.01721325931647742,0.7610609021421277,0.8389390978578724,0.7,0.8333333333333334,0.2,0.0,0.8
B,influenza_a,P2,baseline_open,none,reused_baseline,Main,甲流,普通基线,无初始氛围,300,0.42,0.4943831669050469,0.36382893978701036,0.4761710602129896,10,30,0.42000000000000004,0.03583225665910467,0.011331154474650634,0.3943671477423962,0.4456328522576039,0.3333333333333333,0.4666666666666667,0.58,0.0,0.42
B,influenza_a,P2,baseline_open,positive_leaning,direct,B,甲流,普通基线,正向氛围,300,0.29333333333333333,0.4560506142576418,0.24151755919602952,0.34514910747063715,10,30,0.2933333333333333,0.058373002384727535,0.018459164139817942,0.25157580295517634,0.3350908637114902,0.16666666666666666,0.36666666666666664,0.7066666666666667,0.0,0.29333333333333333
B,mycoplasma_pneumonia,P1,baseline_open,none,reused_baseline,Main,支原体肺炎,普通基线,无初始氛围,300,0.53,0.4914996504113872,0.4741565605262125,0.5858434394737875,10,30,0.53,0.02918650119236376,0.009229582069908968,0.5091212348109215,0.5508787651890785,0.5,0.5666666666666667,0.4533333333333333,0.03333333333333333,0.5133333333333333
B,mycoplasma_pneumonia,P2,baseline_open,negative_leaning,direct,B,支原体肺炎,普通基线,负向氛围,300,0.8433333333333334,0.36409353546046747,0.8019655820169983,0.8847010846496685,10,30,0.8433333333333335,0.03865006029094685,0.01222222222222222,0.8156847457880221,0.8709819208786449,0.7666666666666667,0.9,0.15666666666666668,0.0,0.8433333333333334
B,mycoplasma_pneumonia,P2,baseline_open,none,reused_baseline,Main,支原体肺炎,普通基线,无初始氛围,300,0.47,0.4999331058930722,0.4131983641971771,0.5268016358028228,10,30,0.47000000000000003,0.045677343980209915,0.01444444444444444,0.43732439653735933,0.5026756034626407,0.4,0.5666666666666667,0.53,0.0,0.47
B,mycoplasma_pneumonia,P2,baseline_open,positive_leaning,direct,B,支原体肺炎,普通基线,正向氛围,300,0.41333333333333333,0.49325438519822495,0.3572905235735664,0.4693761430931003,10,30,0.4133333333333333,0.07403702777314526,0.02341256389522831,0.3603704342182719,0.46629623244839463,0.3,0.5,0.5866666666666667,0.0,0.41333333333333333
Main,influenza_a,P1,main_baseline_neutral,none,direct,Main,甲流,主实验基线,无初始氛围,300,0.51,0.49570057852008836,0.45367925749176347,0.5663207425082365,10,30,0.51,0.01165343164633503,0.0036851386559504477,0.5016636371935371,0.5183363628064629,0.5,0.5333333333333333,0.48,0.02,0.5
Main,influenza_a,P2,main_baseline_neutral,none,direct,Main,甲流,主实验基线,无初始氛围,300,0.42,0.4943831669050469,0.36382893978701036,0.4761710602129896,10,30,0.42000000000000004,0.03583225665910467,0.011331154474650634,0.3943671477423962,0.4456328522576039,0.3333333333333333,0.4666666666666667,0.58,0.0,0.42
Main,mycoplasma_pneumonia,P1,main_baseline_neutral,none,direct,Main,支原体肺炎,主实验基线,无初始氛围,300,0.53,0.4914996504113872,0.4741565605262125,0.5858434394737875,10,30,0.53,0.02918650119236376,0.009229582069908968,0.5091212348109215,0.5508787651890785,0.5,0.5666666666666667,0.4533333333333333,0.03333333333333333,0.5133333333333333
Main,mycoplasma_pneumonia,P2,main_baseline_neutral,none,direct,Main,支原体肺炎,主实验基线,无初始氛围,300,0.47,0.4999331058930722,0.4131983641971771,0.5268016358028228,10,30,0.47000000000000003,0.045677343980209915,0.01444444444444444,0.43732439653735933,0.5026756034626407,0.4,0.5666666666666667,0.53,0.0,0.47
